State,v009_rawvalue_norm,v011_rawvalue_norm,v049_rawvalue_norm,v070_rawvalue_norm,v045_rawvalue_norm,v014_rawvalue_norm,v138_rawvalue_norm,v060_rawvalue_norm,v061_rawvalue_norm,v132_rawvalue_norm,v183_rawvalue_norm,v143_rawvalue_norm,v004_rawvalue_norm,v062_rawvalue_norm,v088_rawvalue_norm,v005_rawvalue_norm,v085_rawvalue_norm,v131_rawvalue_norm,v024_rawvalue_norm,v044_rawvalue_norm,v069_rawvalue_norm,v168_rawvalue_norm,v023_rawvalue_norm,v140_rawvalue_norm,v171_rawvalue_norm,v151_rawvalue_norm,v063_rawvalue_norm,v172_rawvalue_norm,v141_rawvalue_norm,v149_rawvalue_norm,v184_rawvalue_norm,v177_rawvalue_norm,v136_rawvalue_norm,v153_rawvalue_norm,v154_rawvalue_norm,v067_rawvalue_norm,v137_rawvalue_norm,v167_rawvalue_norm,v169_rawvalue_norm,v036_rawvalue_norm,v042_rawvalue_norm,v144_rawvalue_norm,v145_rawvalue_norm,v147_rawvalue_norm,real_gdp_total_norm,real_pce_total_norm,disposable_income_total_norm,real_pc_income_norm,pc_pce_norm,rpp_index_norm,employment_total_norm,arts_ratio_norm,predictor_index
AK,0.3665202380915469,0.5599651812753028,0.4251931372315768,0.5857721121365955,0.46964236842817153,0.43840971920995897,0.705012564579165,0.7655932369947587,0.9957543865206676,0.4997095338255376,0.36068313697829746,0.6089939507003483,0.42435197527646606,0.006634906367430582,0.29120118871135303,0.8030715434434144,0.34410311480402334,0.3535065638134589,0.7723467082974844,0.7979609722700106,0.27868238925264954,0.8897186856085741,0.28043182540494205,0.27209782014702705,0.683262451578434,0.16607284828116364,0.6720345938175859,0.07690892506321183,0.841266163798196,0.0,0.4650471469650719,0.5140051767361421,0.4236537815581375,0.7673173450753519,0.7381373265397084,0.3118911269699869,0.9330526483574115,0.6926448695781223,,0.5412251208242749,0.7267051138382506,0.5603629697838814,0.7273261847969785,0.8566622238481949,0.005976646535269193,,0.00380823554720445,,0.45028734477354015,,0.0011663079842312329,0.22208461583075378,0.4556779884180348
AL,0.3554486635862305,0.12985985628399566,0.8035165641524717,0.21476792995566651,0.5795769698743981,0.19616579900239617,0.7759412548985808,0.08338788588496449,0.8744834053097598,0.07801419601606238,0.4855944724416472,0.34591307823753203,0.8631352184700691,1.0,0.9549695967010098,0.24312165619651727,0.5211860383611023,0.781267881948667,0.23605934489013003,0.5073179497111049,0.17797877574837873,0.35388103607158955,0.8094918082775109,0.3106506555852307,0.7854904997105685,0.7491137186120976,0.15541107149289118,0.19774887937378263,0.6065278301652057,0.4899377383804089,0.49772119278044824,0.31918194857047166,0.8704578404674246,0.8681498808248456,0.7410181415831709,0.02009944391021612,0.39536191441705737,0.4676301173792332,0.18363395995653464,0.46520944280616183,0.3515982859349117,0.38460818004635766,0.36544632549540523,0.8074930589183368,0.06703210797932824,,0.07929734191212434,,0.06327613229916007,,0.1004193600999272,0.082982723739329,0.41890846100332213
AR,0.14967999926558428,0.1851127424200122,0.5666884585224329,0.06517581117894744,0.6025981183372342,0.0,0.8700450580144192,0.04120713473211257,0.9182483642533149,0.12461611076323657,,0.4235371380948838,0.8101748085312006,0.7980214960436035,0.9631486874875056,0.3643776360681368,0.5511461498668208,0.7720616586013047,0.2919988096248194,0.5839215021739087,0.0778351367387836,0.3969607336840157,0.5789851132442503,0.3031475126020849,0.6469924355471526,0.5443296099717096,0.09460086111953019,0.3451069846443327,0.5422972066138946,0.2285219560453714,,0.011013822890219127,0.8605629584835668,0.7538351166579079,0.8321549474261085,0.05299989060193944,0.6228345123581611,0.5309866944421355,0.23841041676397945,0.05659973188398393,0.16155960868911512,0.03566482703707752,0.15105006666993748,0.8170273574761859,0.03393670450386064,,0.044040781492121164,,0.046457420729011774,,0.05412016723485677,0.08579558682369924,0.3519225452964185
AZ,0.6037730722443201,0.4713096425926645,0.4720037361837903,0.5189595489240821,0.6347280528028525,0.4905320604286867,0.6381979557498946,0.38580205582631677,0.8939636240350104,0.6632960406376972,0.43244221058985655,0.6266755339386967,0.8260877372858341,0.9195661363465891,0.7547961113367205,0.727480539679142,0.38088100339963493,0.689481291288379,0.5536709164931307,0.7049965886742666,0.33299607826002386,0.4502497729521102,0.3758413829876367,0.08700385343134268,0.630963170732212,0.4244339973251263,0.4610510653576555,0.1659372862124112,0.7091704923445445,0.4242215018629012,0.4503734694992133,0.49586639489133455,0.6020428809312706,0.7790386046373602,0.5984999187858018,0.2576996917283696,0.3838392352471638,0.5205008556201469,0.3172482362848264,0.48839581128553056,0.4851207225897456,0.46065778245365485,0.5321783864036411,0.8884638088350457,0.12553602555573795,,0.14274908223279353,,0.24643330788088252,,0.1596224486142659,0.1637033725683763,0.47223926744885547
CA,0.7811185124072596,0.7951144861765297,0.46339504845319146,0.5867462440022448,0.6931838841917808,0.7584200366910069,0.7841311219443553,0.44316301856222995,0.8425234472152398,0.8646553208280816,0.48007320122299046,0.6727615630937606,0.6320240468458351,0.48005430431342133,0.4344831549564264,0.6264583979146882,0.7081593305677845,0.981506336200929,0.6159875735586899,0.6451168150279736,0.3947807197821876,0.0,0.11530596474679922,0.10734961707052983,0.627728811647182,0.2384377460400252,0.8318879498459897,0.21093230376815397,0.4668784243050135,0.6332342044673567,0.1686419361275433,0.5295334508049809,0.018204666386228197,0.44160288631121075,0.0,0.28456194355581366,0.22331274418785207,0.43535416998346765,0.42337215713617493,0.5117309515255524,0.6733535773778985,0.5357088967340753,0.7627304748063274,0.9506722569438772,1.0,,1.0,,0.4745810392637544,,1.0,0.7424432060978983,0.5211467432981799
CO,0.7040596300726729,0.9654881811327024,0.30618816030666673,0.8756972104535716,0.7293703017829413,0.6963738357255169,0.7292248238726851,0.8818634587135866,0.9050866252719286,0.7581478482406887,,0.9450820628373293,0.608613428412089,0.4484700835958215,0.5159237563789452,0.8408535303164084,0.6503412126401686,0.579007300827309,0.845949382507121,0.7500733211299075,0.6195359332644049,0.818252967679805,0.6040777753433741,0.19970601152294482,0.5602044063060008,0.40312975217085756,0.7727093421583604,0.3808270688680864,0.33504621104367194,0.656647797678219,,0.9605183378885304,0.6757335235911381,0.7590637844089981,0.5025460471524679,0.28945077457063484,0.3895647475746159,0.7746741106656166,0.44000180429681157,0.6898869097008358,0.5746587464514343,0.6761067965701278,0.6484316804757573,0.93008743819257,0.12610789010722023,,0.13856624782580798,,0.45213599646344893,,0.15206728378609533,0.3087379190618797,0.5516272482439726
CT,0.7282773231913625,0.6418462771541406,0.5080302667196781,0.5067512253939732,1.0,0.9426573497300013,0.5817208800928858,0.6870894997184406,0.875483723646083,0.8397433506054627,0.4850247933021655,0.6022593449010547,0.6103306416345315,0.40961865968227684,0.5077714894910343,1.0,0.7948822653423969,0.45733528542617985,0.7213843269758358,0.5773459754327805,0.496604062691385,0.6751816777085333,0.4242000083039077,0.20676852534767512,0.31360798027731074,0.348068152964926,0.7511376885828247,0.32026971856802894,0.2994762714737432,0.860119047363262,0.5936822715743583,0.6024893190627642,0.5796518454389641,0.7550737184060873,0.35900630508066256,0.21962813490429722,0.4230569993916844,0.5431352657041058,0.6270374458494886,0.6604169373369867,0.6541494713231744,0.6695795381424865,0.6962621588619334,0.0,0.07636720131298608,,0.08920288085724418,,0.45609452236466663,,0.07899320956468814,0.2664757419726694,0.5101599193090868
DC,0.7275634899282863,1.0,0.018077224148583704,1.0,0.0,0.5566948049658189,0.21704900303871,0.7294091635805277,0.0,1.0,0.268072730792963,0.8301576150915551,0.0,0.07325195022000153,0.0,0.37851175945920545,0.9874893430489252,0.0,0.26898132499689975,0.0,1.0,0.8270872932516109,0.07208519976802452,1.0,0.1172716090283682,0.15934400589542097,1.0,0.3048993787688889,0.062402483863464586,0.6500799996185895,0.594303106108329,0.422295186289564,0.43048836273052826,0.0,0.34564212938309813,1.0,0.007663490136327056,0.0,0.5588948764956169,1.0,0.7410000603582407,1.0,0.929765421665328,0.8827229602752864,0.03323287356173527,,0.008315571016786986,,1.0,,0.018695854532724966,1.0,0.44725547733322046
DE,0.5241658592189582,0.17964903597315462,0.6655756164902148,0.5220763292703607,0.6792907902921403,0.5921968792198323,0.430506555569943,0.32938754174160445,0.8451182820391625,0.49639828672536285,0.873106327757913,0.5658376962437681,0.7293397092857556,0.6924027767470237,1.0,0.4359212993013116,0.7461424469013342,0.5029681260275618,0.576619484933339,0.7957855940753603,0.30359470949656187,0.6813569924317925,0.3577381977581141,0.25667700812364547,0.8695776960291574,0.2785258061154713,0.5354611448691571,0.3060391100241176,1.0,0.769038400521364,0.7426042459864224,0.6022694648909311,0.7871860177629055,0.9385988756145366,0.7056584078194683,0.1675824030597849,0.43748944931402534,0.904454138309985,0.5488391672649333,0.735199149703673,0.7272379242354455,0.680907185957743,0.7125147993024836,0.8886518953078002,0.014967483707608586,,0.007576881615658497,,0.3252019451030824,,0.009128262452114901,0.0,0.5270645585915156
FL,0.606033168938626,0.5517288282885837,0.5311243439007888,0.4363485958267189,0.7063671734957411,0.5974217144260356,0.6618424738515436,0.48702402553054136,0.7518123623021143,0.7075442465452023,0.6553598489101089,0.465159063973569,0.7391132399968312,0.8847428924394054,0.7823418091999969,0.29380851063960145,0.30440360527691435,0.46525414321596625,0.5426573935434618,0.7284017090889212,0.29161756133220834,0.5046546976300856,0.6836136865913152,0.13625131630994408,0.7900352232437687,0.3315171973745068,0.3699909882560924,0.17811154756855332,0.5233346711961797,0.5857488030526703,0.5951878785558616,0.7075072835592447,0.4756634676098356,0.7894718498877433,0.23043349242784728,0.19220999833910268,0.179578495172374,0.6520555052403315,0.2990994354451885,0.6382123274225013,0.5812936457636961,0.5277382588626265,0.599331158002155,0.9178621892677586,0.4023434491360834,,0.5092466918172737,,0.3751758228509424,,0.5772934924000429,0.19822317956879426,0.4944058010326907
GA,0.5588984989891373,0.24084024138857218,0.7347276336111594,0.44138362510995754,0.5337771999357351,0.4341597950857109,0.8442450957619266,0.34937713660140457,0.7408085578159156,0.39210571998865806,0.41854318375972754,0.4640204217696984,0.8328539060526292,0.9286454509194564,0.9035462090791527,0.33102957650119946,0.3235655122457588,0.6445447439199612,0.37734127573164733,0.6361518666145534,0.31118935668731523,0.4365027316865128,0.5944638073279508,0.20073597923651865,0.9108956061449985,0.49622429480115937,0.41280601617819557,0.5073208443640911,0.7274423816826022,0.5180738337506955,0.14555466898966485,0.4861561253455035,0.7259665245268102,0.7301761215323476,0.5465641075404813,0.18876641356190116,0.19504142724883844,0.5889642129120805,0.29879693374332555,0.5355902514234272,0.5893231258292944,0.48418901091106825,0.6248128050337277,0.8633897346039971,0.2021238333350099,,0.20372016117595973,,0.1780131013141502,,0.2679381660653266,0.23513618159882477,0.468199512986135
HI,0.7227895649723091,0.9192531399258621,0.2963687229739883,0.6357475398968098,0.7994485600521504,0.6294320272454186,0.8857035381755676,0.4510746233491173,0.9389557300795198,0.8306876664076759,,0.0,0.5254334849447891,0.7329168407141257,0.4695704117778817,0.9123904570848302,0.9092739362720215,1.0,0.7920634598920244,0.7590023766275211,0.4441837677992262,0.832353266427346,0.6680627822957443,0.11923500392314028,0.755915508191182,0.33205665214150215,0.8253260622478497,0.1912603258248661,0.37407194459410065,0.369338691009643,,0.07600801835684029,0.0,0.6455650156440309,0.10708780151787434,0.305294034383919,0.2474874113686717,0.9756483996988607,,0.9635664375976425,0.980093936922649,0.8907722432910392,1.0,1.0,0.01696333777369458,,0.017366549767151723,,0.33685648836555077,,0.019227274716269598,0.1666165252901171,0.49942991427684413
IA,0.40022939264287405,0.17078902488403536,0.0898349641187196,0.3937062736404484,0.7281718293478816,0.6612128396914613,0.9392091009104346,0.5303058159816705,0.9720915312185422,0.5210901752441939,0.3290912653887136,0.7633870964231533,0.7500492977403495,0.8904065449260725,0.6994306549806804,0.5888146780903751,0.843088718982278,0.6487664834898876,0.7210006988327519,0.8811932069359282,0.4753788837188941,0.8645477085978703,0.6734561863874462,0.3912997189499966,0.9008521085841251,0.5309796050257742,0.34654736627804916,0.3036785566452991,0.6610736877373822,0.7634723749845301,0.8604298822743068,0.7220999829490761,0.9863370286918423,0.9163730322995413,0.9277925828150562,0.1072682392660117,0.8276711774463491,0.8312505172027299,0.46413404720800655,0.7839648093638902,0.7847986425800167,0.7508738585166526,0.83118474925444,0.9144156822215211,0.051991578000346546,,0.05213442101295023,,0.1110396656351726,,0.067117545736983,0.1055462928635557,0.5687984801668056
ID,0.6137236855764714,0.46482005706984875,0.6243355149234416,0.6006603110345866,0.8720900578760211,0.6592205590815114,0.8916941140586911,0.700274316861905,1.0,0.4462997540965385,0.8550614054279352,0.7969926028097349,0.8882154016170067,0.8015260310722732,0.7676579299942302,0.9084046228024683,0.5666524216628125,0.6304191331623386,0.8238788785882667,0.891638172133881,0.3484284033506426,0.7097418555744666,0.6267588447436026,0.13303858984108236,0.9300581868851829,0.794842760324669,0.40367265138711445,0.14943129128385874,0.15559285201102147,0.5362032298826764,0.9502429477186259,0.5781791334394902,0.8661013967823571,0.9417103152901938,0.8609551264628813,0.16558596312816187,0.7046093361308803,0.9889571777144261,0.38178620718719236,0.46859665778606907,0.6814214837417703,0.44239164630164207,0.6796166633214258,0.9178863237311967,0.019314424816261413,,0.02459857699912729,,0.08341036048707953,,0.03125700624147217,0.12508751830019904,0.5662553980623388
IL,0.6015273734321724,0.455541278705487,0.44229567329983377,0.5855127477777566,0.6208400813425765,0.6687650066738046,0.7301738364017161,0.4562648147385442,0.8812402535454079,0.7750455175047589,,0.6082049727189137,0.6581598976794883,0.6932965838128433,0.5399064064898978,0.2657996955312052,0.694258843087677,0.7978091843557346,0.6182597329882666,0.7551861203864023,0.5157244893856545,0.5674727522658811,0.2083216616722855,0.23877076544932588,0.6493172244486665,0.7099026289873285,0.5303557383633414,0.09270242798002386,0.07105916264684253,0.6234936406435216,,0.47623090897792475,0.6994886326058927,0.7747371662041521,0.5777165041416343,0.28077402973483456,0.22942348113983901,0.10385714925695266,0.5216676025855247,0.6373946824745096,0.763625649245917,0.6018743568931374,0.8124013991656683,0.9070044042211182,0.26378815639558323,,0.2739239324822736,,0.33486717839488805,,0.30914365728788346,0.2691803035676605,0.4805464808318678
IN,0.2946885285389875,0.16060936828489336,0.6516440667927171,0.26721466295809126,0.6920435157476237,0.4117623006587203,0.5980644344184338,0.36578037887338477,0.9270630768876894,0.4323308371494801,0.6838014404183417,0.49719236308770354,0.8372766958153409,0.8959054379468462,0.836128752148311,0.33668545271264305,0.6623991980605157,0.6834686347411559,0.5965247024964035,0.8702873400470114,0.22450063227252817,0.5642185722660829,0.553754143376988,0.3146100890663947,0.6260863634951117,0.6468891862550641,0.3106507901710484,0.12621406805886837,0.4242619836496949,0.7202912709274994,0.6769315883472404,0.2729786478832102,0.9292473096451962,0.8807375600786606,0.8556653639897672,0.09619197318805295,0.4980438072457264,0.6264106222970054,0.4070623251812356,0.4750649857835756,0.47052532047096607,0.45619959360477635,0.501367692533863,0.8501558422237033,0.11484515795713458,,0.12524068762246468,,0.15822047180806173,,0.14996244773910725,0.09913615795547305,0.4772118832972032
KS,0.44697676152686294,0.27151899485702957,0.5246509213138875,0.5080253836398653,0.7120751322547185,0.4568960592417797,0.8311751009025274,0.5004655912257836,0.9601552134530409,0.5282504520267174,0.7948402367515446,0.6365483274301866,0.6752799985842446,0.8282014842420781,0.7916558977384355,0.5472346969817808,0.539166728849035,0.5589625787815761,0.7203306520540469,0.880427823602081,0.47760075566464577,0.7321571255271403,0.7626937885335895,0.3563629902996564,1.0,0.6591887525455581,0.3350445114461867,0.23005399164491405,0.7329537198226539,0.7485842599307426,0.9609274803583769,0.43123856119205883,0.9248971384571844,0.7761514930705513,0.88010945087555,0.10663468818480937,0.8077802368151237,0.7862633235734713,0.4967019133653928,0.7288014032074477,0.6293779506985671,0.7040775768063035,0.6402062421930523,0.8804260032609122,0.044396692071012225,,0.04658588923450357,,0.14337097616846844,,0.062473556286622406,0.15537888392631288,0.555874697746481
KY,0.2353952329826675,0.16773143049497452,0.8400475612587375,0.35194132347366003,0.7771682174630857,0.17179551897800127,0.4237269138775953,0.17710996278888413,0.9290176988166192,0.27936974112249285,0.7736035509504042,0.38818903118823567,0.879100626253505,0.7320126500394848,0.7507288434185198,0.2363110582444442,0.764152283929526,0.316320541897543,0.2959788026758272,0.5613967892036056,0.2284051570112572,0.3945123480139196,0.30085420142021824,0.2460404076196307,0.7956868002448347,0.5886132613389015,0.136284501769645,0.21726002571973885,0.6000005163731724,0.4742978308136032,0.7796853421031402,0.35465743228704344,0.885038295096537,0.8183026796075467,0.8016677998558003,0.08740045059912205,0.543491020212395,0.8362331640155878,0.4697431237798526,0.31329224619448415,0.6245492896534235,0.26398431924168975,0.5593524613089473,0.8086735830100269,0.05949112769102815,,0.0700463909093061,,0.09954587469356589,,0.0907385543175155,0.08837174989451599,0.4330617186035558
LA,0.2494159505154343,0.035369940080248075,0.4616842964989669,0.1745492113497744,0.40915579091529064,0.0944008548406815,0.44149538568357494,0.07062999473230858,0.779200220154964,0.41629585319248547,,0.3498371055067284,0.7867201266955969,0.6670261269160724,0.8407768250550414,0.22514715993903878,0.6609273996985521,0.6442682597911389,0.0,0.3672490213840398,0.10793716376342867,0.23086771101955614,0.4447323737058937,0.21930632659071791,0.6850428636373255,0.9199020309358437,0.07083666939936768,0.12652663001367215,0.585326468297042,0.2314757249347157,,0.2914367144835665,0.69054335777694,0.789316786980009,0.489283051930817,0.05822388982527116,0.4441764786925949,0.49862237613173677,0.29422645730553254,0.3026643770913573,0.1300689158809416,0.2616356517384971,0.16890604679318966,0.807300280715407,0.06746827585757743,,0.07631084988416761,,0.13075191898083027,,0.09568610447007156,0.0932487114171129,0.32791455079542703
MA,0.7339044726451269,0.8301542729557716,0.3732295193228037,0.6608946383021553,0.7795023276910769,0.9909210160452572,0.6370646746460678,0.7035610308228686,0.8708931537935876,0.8729439444694439,0.607958228822273,0.7654536758131492,0.36859040044860847,0.0,0.23698519607201063,0.27516354289310563,1.0,0.3973402645633256,0.7350120934343867,0.45504394846069185,0.6335191676206129,0.6822396956695613,0.5429930127838938,0.21855842194970404,0.34656898334652175,0.15718056267995628,0.9131387512167961,0.28662510274657693,0.29271224444454114,0.8486360206357979,0.793969087956439,0.7218086189852818,0.58808801496646,0.646964719768818,0.34705672957491396,0.3647376923347986,0.16304597087321127,0.4815927594648891,0.7977859713932094,0.7583026760785284,0.6623649117158596,0.7600444798890689,0.7056457539477594,0.9584303065549763,0.18112906909238585,,0.1832057241777974,,0.5626130289756058,,0.18350727773954484,0.32752630486591316,0.5266991470441443
MD,0.772505131946783,0.4789893750935865,0.7664346131711298,0.641316213397902,0.683639395660961,0.7107639779794763,0.5207939613651926,0.4518048234655212,0.7499423063134525,0.8102010073474019,0.20945607912071174,0.4826870517550004,0.5831580652321162,0.6472896424310586,0.5802054774175965,0.5362529224243878,0.7513905339949531,0.6277754169364704,0.817017610437045,0.7965553646522636,0.5011816674143017,0.6462396361947313,0.9245714365219297,0.20827916449182698,0.7864794645844686,0.3406574107012774,0.9005479460413647,0.17458955048321467,0.4995522362957844,0.6875714768042072,0.34027893419209754,0.6300182188283562,0.699008650559408,0.7941784691868083,0.5444316301776019,0.2981592408098518,0.0,0.5523499550996169,0.4784776411320186,0.8187682868027086,0.6945539249851693,0.8414110564518714,0.7566437683259611,0.9161674704966825,0.12129747667480285,,0.1354802584306214,,0.28861069806695333,,0.14359045758861977,0.17004789669217507,0.5302979107790213
ME,0.4281284081362251,0.48516318190437036,0.4105739718281475,0.6385546065987744,0.9518279260938858,0.8484144723766428,0.5177206626954829,0.7394833910341092,0.9603306570632487,0.19977890812123156,0.43477808093634185,0.7755029578546052,0.28426059252531244,0.3292190647639417,0.6965686953736752,0.7423637307406485,0.6533246743257901,0.2937460603078915,0.7464022667510468,0.7357572527998273,0.4744535431145278,0.9917387954229635,0.6968661952626403,0.2712501835925077,0.5600549758167375,0.34424106090242634,0.378542244102962,0.47311870570535264,0.015961108095732368,0.6367788753020843,0.8697482934062715,0.89720400782532,0.9054955425332296,0.9913049474755736,0.7886383612892558,0.1889719879498598,0.45211403058495636,0.8754953671593833,0.6975918946296306,0.672702690498288,0.4620177801107406,0.6423747884003539,0.4875843091862825,0.8988264908321342,0.012646177773588174,,0.015957073554109493,,0.3837760720170397,,0.018226053472191833,0.12738526117549515,0.521544609328872
MI,0.37632956547318297,0.36627034046396445,0.44693220754085694,0.5181351208047466,0.7563261784475164,0.6609336957219712,0.7326352362315922,0.5695980498089181,0.933973415476054,0.6570923310178874,0.5802215478037616,0.629806918706862,0.6683718836895387,0.662730480484188,0.5866567766710985,0.2646130611847318,0.8346582566657772,0.6060262904199714,0.4658237185244505,0.8079590124150613,0.41290065727912273,0.73137322408714,0.379053102707136,0.22963892095434696,0.7960599627315189,0.5329628413607836,0.29427369538121045,0.28541935239090865,0.06568318557532005,0.571492166691957,0.7616018050372263,0.7563144972028814,0.8512103360854664,0.958248483219485,0.7230874174372572,0.12690703511370216,0.4714571733403282,0.21450987755899964,0.39147156332741945,0.5862640080249224,0.4473708012365948,0.5807505033613437,0.4977663901176844,0.8769848523467159,0.16076255170530937,,0.18740566514967513,,0.20596391110396656,,0.22020952093021406,0.2142561350071556,0.49305886900496476
MN,0.5660486038856065,0.44774139674179725,0.2116659070815119,0.719707887542526,0.7980965766371513,0.8582084472565249,0.831716447545459,0.7057351908392289,0.938365334305938,0.6741059641111233,0.7598466053354447,0.9907735013021534,0.5381010042146093,0.6565758299255864,0.6175246537441791,0.630327405568591,0.8426975537854353,0.5228878185922883,0.8840213209547872,0.8627911478662701,0.6574124819982049,0.9278711814348338,0.7128943162110752,0.33715691351589533,0.6346420346527344,0.43014438652707443,0.622356994306919,0.23953043449324593,0.49871794634070654,0.8842094855259461,0.883449838786332,1.0,0.9008743148001366,0.9420791065112863,0.8390689536057541,0.22484602586627334,0.5762087177441889,0.594113611573307,0.5162566544099234,0.8417133092288358,0.708152748846673,0.8108154794107261,0.7479739509315553,0.9489857065811768,0.11094667631362588,,0.11941792713538982,,0.29108226500020096,,0.13824988165468627,0.1997167783352301,0.6031632702299434
MO,0.2446405861003732,0.24471037576035004,0.3370613063927298,0.4177891783315286,0.66488490625737,0.4152072711683331,0.6583389393372598,0.510945593966438,0.9176143582255067,0.4404651202629556,0.6686047923098469,0.5369895449671409,0.7738180315478339,0.8141018741345385,0.7980528595988204,0.37874510696594954,0.5391492292286963,0.6863070427655444,0.6186695240850109,0.7652986761952214,0.3625427537879959,0.7009507932939506,0.6404494995621283,0.2979251708924306,0.6392703285618304,0.5847438485675127,0.28068047085475567,0.3249723983659592,0.3315842973942854,0.5389035298617101,0.8258652838686859,0.3688260190377689,0.8888197892796914,0.8078963428897761,0.8188841611802692,0.11223741195095827,0.5234129742823141,0.5292968106513104,0.3605137701936351,0.42830041576760547,0.45621019775924077,0.3732623507577322,0.4491960772327943,0.8530521573659935,0.09689821804706436,,0.112731040741763,,0.210143471446369,,0.14174558343245167,0.18230138402672355,0.47373146544776407
MS,0.22563473372059684,0.004350682330646283,0.7785397525514792,0.0,0.4164392114127229,0.01979137696349964,0.7979504604628674,0.00020025699375747497,0.8508240368964444,0.0,0.3551705489699707,0.45433402625157515,1.0,0.8662133923344554,0.9314033597612322,0.22896298902092171,0.35764128954930474,0.5164899097483884,0.05941601764632565,0.4410768539418576,0.18135830432173722,0.20448034281878127,0.6020665159335047,0.3337458330019993,0.7826620278267162,0.7103862862393874,0.0,0.27922298168041176,0.8583190588695738,0.3098453189269552,0.0,0.16181834722774519,0.7872604582703889,0.8543254409168278,0.6642405067227997,0.0,0.4547790953988019,0.4944651770736177,0.0,0.5339904570212295,0.6299786684246131,0.36635382134788297,0.5704124624822311,0.7741372943143628,0.026607433040586662,,0.03481569980478268,,0.0,,0.05036155985090479,0.054313662537043055,0.3658948174288597
MT,0.40264864798487077,0.6132656622409423,0.0,0.7269350084909787,0.8198315093506218,0.5941558408582219,0.9078809415814613,0.9155559542014362,0.9917765585340346,0.3820126725752004,0.7832767623309546,0.8369665466045787,0.6026403502001785,0.5909985075976769,0.6605788486743316,0.8213348181442826,0.5211006090657957,0.5071415587253594,0.7431444104516096,0.7458058142894737,0.42808467683037915,1.0,0.6896840234833606,0.3782832254659613,0.3342902739049868,0.5385061435467822,0.30599764583445177,0.13865862973424173,0.33396730704398525,0.49442634499273974,0.887660958043056,0.7445027360384839,0.8203600309944359,0.8527601537632413,0.7304642574454707,0.1942334769544397,0.8898148819997047,0.7096706053934628,0.4378029045551949,0.5673783913622601,0.49622398625390984,0.5179731633635191,0.5127355605410702,0.885268641352135,0.007401492180303391,,0.009793298932613189,,0.29240847164730943,,0.012725243950466023,0.26964298735792736,0.5307165093127743
NC,0.48318286335672267,0.44287152799672624,0.49547036332157424,0.5496464288541659,0.5877292276597078,0.4970590537643108,0.639249506991457,0.4482995995623793,0.8604257767343924,0.4736325134342064,0.8051484360311614,0.6926616539625639,0.7685852981430351,0.6982156381300542,0.8155549500038668,0.47179702603695317,0.473676586525442,0.44739581604152967,0.4552506866152861,0.6611815792065867,0.43452630288245014,0.51619856052285,0.5163275200691937,0.2969241940593216,0.8066175326153386,0.35342226594650294,0.33774124057304045,0.2560349166765735,0.8151711331897455,0.5242780664485677,0.8202204404445531,0.7073309312128748,0.7972098044972729,0.760573627726191,0.7082623408540785,0.1697465052154895,0.43258682853854724,0.7588035658877019,0.31177887904639406,0.6054522764584187,0.7179308751799325,0.4587664500183164,0.6843390734666914,0.870965728835219,0.19193609524475497,,0.2108195950743427,,0.18862275449101795,,0.25458917269664216,0.21261886948043027,0.5082200847976514
ND,0.3928282013579888,0.2663761382795735,0.0790017638678604,0.46005458304569957,0.7123377293082472,0.6361205235730137,0.9130899697184441,0.6926286720528807,0.988410396497016,0.41632846364135534,,0.7652941627182063,0.6823687088242846,0.8527968820701114,0.707469945890202,0.3962753592864465,0.7281992765967658,0.2705450051298055,0.8972214285903148,0.69526870185892,0.57190728889201,0.9256271725673187,1.0,0.430174834577217,0.6797726004819213,0.8050476551694601,0.4416030067267638,0.1374162301836344,0.7857595017480095,0.8411259125699213,,0.3755316050488119,0.9441893096297299,0.6713742319593439,0.9693693222899122,0.06305694020372865,1.0,0.7761492133336041,0.5517357839377844,0.8269063780985141,0.8942815141765992,0.7710217980242511,0.8226502644442161,0.9123811600581787,0.008245606208682343,,0.0037165932352822284,,0.28419000924325843,,0.006360095949208976,0.14902205729826898,0.5444253281537216
NE,0.5333473876106883,0.27782062178375977,0.3250126553650482,0.42810012635966865,0.6980319763597304,0.585585562895742,0.9903862857057195,0.5698442220656352,0.9810751235495907,0.6357416923238284,0.7397854727700239,0.8901685564544315,0.7200492441603945,0.6886417813589915,0.5635604014275659,0.6652255833250904,0.6984426254035854,0.49066425806566516,0.8345308439100458,0.8835278332228894,0.5513423151472105,0.7496728743827501,0.8833951116569427,0.3691929769580334,0.6523538413821817,0.647938550730135,0.39972400187642004,0.28739801831526307,0.628617026520629,0.9089929374220741,0.904223221134071,0.5918336636192263,0.9212051021739971,0.7658729725826114,0.8476147153580791,0.09636846167543556,0.8849612228590273,0.5367656928797202,0.4940066370951298,0.8301933358001007,0.9136192287961582,0.7915396506356379,0.9824984359410032,0.9152830275400567,0.03415468142668143,,0.0315538619047762,,0.21229353373789334,,0.0382258545725049,0.17457442190936817,0.5810231763628804
NH,0.6801817981326705,0.6641695296432399,0.33770411072426343,0.7744437404409047,0.9737858808047835,1.0,0.700509432238408,0.8353224297334156,0.9850717695005321,0.6381903292687323,0.430079388933821,0.7623497991410628,0.5532374929442712,0.5931545448658382,0.6276799637694126,0.5967771166063323,0.7888230753405087,0.3330756918820018,1.0,0.771646948023824,0.5166474379283434,0.9482725423886273,0.9006145684688953,0.25699251185693966,0.5173345685161264,0.40562949165888684,0.8318357668996825,0.3834374407756934,0.051093230670017475,0.9327134193818973,0.5815852034248697,0.8359807413937718,0.8422019885844982,0.9458261964402005,0.7331054958503764,0.1618856913629122,0.31189412006294615,0.92941580235124,1.0,0.7127975533495755,0.4810096683058702,0.7268813993510921,0.5150923625069324,0.9402949427841063,0.017895296899459436,,0.022018453165751375,,0.5014065828075392,,0.020104939474825268,0.19100911496719472,0.5825321176802226
NJ,0.7459367048952428,0.7289324016600947,0.5849860386319958,0.5333634026011573,0.8244719742917834,0.8741758103501165,0.6916970427909279,0.6402915081357805,0.829013418182245,0.9025055387899596,0.7667963156379181,0.506415979305102,0.6706557506988777,0.7324616782369178,0.5121882393430968,0.37366023374655455,0.6785044245763611,0.9955391075069376,0.7393873349157762,0.5864574132814542,0.5368417659881631,0.6117630413334648,0.21782764333112703,0.18173840231619587,0.5133492674761178,0.4161457278881784,0.9015186978852977,0.2731645837150958,0.2845078884866159,0.8144697464514177,0.4229667785017057,0.7692552011824563,0.41950204470364816,0.6800075082218342,0.26764569506106295,0.3458059400207826,0.17179540409260763,0.3276856649799258,0.8918558003900272,0.7780418531962886,0.8082739790941633,0.7348514687382461,0.8456219431630442,0.9436816231188603,0.1955336776180323,,0.2291020442903628,,0.4405819234015191,,0.22374643472311176,0.26720936106120613,0.5459183815614147
NM,0.4048298393545161,0.5076484726796207,0.6099195463173887,0.46588165542156035,0.6594346236430328,0.2613255547720481,0.5001356536282722,0.3906010748624684,0.9268482784387927,0.4194468853468756,0.0,0.7572366638690841,0.7208657292866227,0.4880450787602304,0.7139848860050008,0.741098394122129,0.5152792833252684,0.6822025993692715,0.16524698472578803,0.5095343628143628,0.24447470274226418,0.3132145459694054,0.42403536555841714,0.17112412695183177,0.49207979318433814,0.3063927695293528,0.14623808362330373,0.440418394070594,0.6453365763003831,0.21113082586706533,0.5808597507668758,0.2588835012028786,0.6391350997230372,0.8502380925017285,0.5916863913952486,0.1366513117756465,0.6115123701316716,0.6210608258684944,0.23630537144796948,0.3879803767698061,0.5753846784077601,0.34182535454716656,0.5662143706914513,0.8320920416227443,0.025269790395115507,,0.025045861304021574,,0.08383233532934131,,0.02937664838115545,0.19623398395915437,0.413582990478003
NV,0.444421004813945,0.491189063781691,0.46016186324964214,0.34030156446533766,0.6779082136559182,0.5016047479103524,0.7351426839882262,0.6162466438316445,0.8344513716408167,0.7944723176991209,0.4183799819073786,0.3988981351699912,0.955101149468264,0.8073670737867238,0.7644418873083804,0.4235438593123112,0.3489341513065498,0.8140149535902159,0.5231239019239478,0.7728788928778885,0.11590539259059927,0.27775220288624225,0.0,0.03674935183553401,0.8220405318324627,0.7441113833804777,0.42710133268802436,0.0,0.8574053874619892,0.18527858356270288,0.4167406098935895,0.5271574055259092,0.4552311917808709,0.5479553870748134,0.27816195838612723,0.19299569135277506,0.49523907200594064,0.8699049761836395,0.24838033583700597,0.2892430854763598,0.6156396877834396,0.29995391425106654,0.6932913089003625,0.8807181235250906,0.05227073767286076,,0.056542747874299845,,0.2442631515492505,,0.06786194770529431,0.2879045931360453,0.4444924238891823
NY,0.6833883792960629,0.6754102989884188,0.4572481752662385,0.40900062136486215,0.6613995322738375,0.8181202008829516,0.7393271351000963,0.5626493463908295,0.7023279277438914,0.8347872591340116,,0.46360106402155044,0.6419081790532776,0.628004963174664,0.553561145039167,0.49837301680668933,0.8196818493574356,0.4999383895757501,0.40186345595310935,0.6469168776288889,0.5016845271586633,0.32742653275890493,0.27981820949418656,0.17167425764886565,0.43010553377719174,0.2571859648163516,0.5916264212233189,0.21802095095217297,0.0,0.6182920437677576,,0.3308110494435053,0.23984269147855952,0.39700414666748457,0.0602018191317516,0.6046404903782381,0.17985845833006875,0.22992580947979036,0.8967739380690896,0.6273980713237208,0.674152613160997,0.6533574950509218,0.7107118364549185,0.9517820628079646,0.5514887695409095,,0.48525560733995915,,0.45169392758107946,,0.5118614623900583,0.6463354379078502,0.4690432035750195
OH,0.24797206638201108,0.13325029021901846,0.3872949454789961,0.40643173536363786,0.7242381315214947,0.4890407473238988,0.5073772749573238,0.32234382396839933,0.9165563013931535,0.6224132052274661,0.42902323109058493,0.42876554957134017,0.7090730817029105,0.6735313071511133,0.7680090971306948,0.3556677906401666,0.7344093664318837,0.6072013485548106,0.4537464416413167,0.788738739880837,0.31949023184817726,0.7042935857413712,0.4919520505257511,0.27941236052417634,0.5647312667986641,0.6303656993714087,0.2758176173371041,0.3167106142339757,0.18876422459525832,0.6555370231561052,0.7235175385425625,0.48871228581548926,0.8968629440688397,0.7795524822643272,0.7907900425650227,0.11024010081821245,0.5512262331022784,0.41957771175662595,0.4447746111406318,0.4316918617166654,0.2672534860207516,0.38969719645784673,0.30528031707763903,0.8521172660991579,0.20962916190609734,,0.22518722437047317,,0.17604388538359522,,0.27803184781787155,0.1383399099506254,0.4541482743324257
OK,0.3430380254948462,0.027768025160835097,0.8355861291664347,0.13334765547082883,0.6850402284095345,0.13860426960144423,0.8061741637396183,0.22933068268918544,0.9292990350687025,0.29864802494644216,0.0675151278664845,0.5809461556866733,0.9241519377250954,0.5400789109141685,0.7812301876174335,0.3856238990200226,0.28148443563862824,0.7589360249257964,0.28250611075883414,0.6896090176992603,0.12522923507327277,0.45449067829406237,0.5872237408470926,0.29025342754687306,0.4586120450242198,0.7112548777395442,0.15178344549877093,0.6460970141468094,0.7495911218439124,0.4211774705003527,0.6174893854224631,0.0,0.8423322753795818,0.7436368947467825,0.778459209492823,0.07124969664190506,0.6205709762443539,0.8347099298481022,0.3084492967059418,0.39122903628346584,0.36172547721477155,0.32470466301033174,0.36526678001228974,0.818100948206509,0.053177012885710834,,0.06900037683318663,,0.04766306313547402,,0.08075482431190653,0.10767799883999818,0.4196394965976348
OR,0.5803559504566034,0.5949417624909172,0.32331585013007225,0.7776518951238661,0.816854255457972,0.7672963355978326,0.7817015738504417,0.6750328756486876,0.9345763257885581,0.7139716972445704,,0.8978630319094028,0.46178454970850014,0.06262830963879262,0.5304035629266124,0.7981076745976068,0.716174521772414,0.8229701559120395,0.686502859260335,0.7363253854788016,0.4937386752356734,0.7138269047444367,0.43465953635842336,0.24515568448505423,0.5516931226082133,0.4625604032674744,0.5133479728760669,0.30354243396877134,0.31717941666559946,0.46264418729196044,,0.869030809020928,0.5311056288925406,0.6703848157862322,0.4194807319526279,0.3087736433228381,0.5819269348592924,0.9002010566273829,0.5277671857873021,0.5458252731172306,0.35949827311307003,0.5593354803530901,0.38467454214784746,0.9196869582734507,0.06939206208706804,,0.07886569789513145,,0.2853956516497207,,0.08998838425828318,0.2736458031989405,0.4932777189737196
PA,0.39921221248477323,0.4678002494172121,0.4151614762891501,0.5851679470759813,0.7634431645571516,0.7204617086901813,0.5674890984540044,0.5476744727666004,0.8814385145990908,0.672505977210565,,0.4760735158722518,0.65872210973349,0.7696092799947176,0.6928917306586935,0.3660405564225614,0.7726488359167919,0.5240969190262021,0.5733128411752264,0.7481227547169539,0.37988211997842536,0.7328809220139331,0.5282452063354464,0.32066583048263725,0.46305791152649367,0.5406914726109227,0.40300371508172567,0.23872597244386384,0.09977570577972539,0.7025446674602156,,0.6421284226689541,0.8225179204364835,0.8499358706034886,0.6965085259179673,0.2371440639328143,0.34336029271359136,0.38901367088920535,0.5983170936650426,0.6026400540722189,0.5705538107175394,0.548221613875641,0.6309302900482369,0.8939256842573576,0.23446770717293897,,0.27009185247829093,,0.3077000361692722,,0.30636427284263457,0.17568828045019072,0.4851516670209817
RI,0.6343867559154726,0.6328668392161865,0.4036122602570752,0.5131854648778522,0.7104343832061082,0.8573796306398868,0.5895570003597033,0.560700161071859,0.9436261830741356,0.9064609440590463,0.5297355227547991,0.625567041414945,0.4246062951713071,0.41450317013348636,0.7874095241124822,0.5191793509850731,0.8539536146365723,0.5881747417684347,0.6061118749836722,0.6454835676270099,0.47026440863644026,0.48962007112848355,0.6545456184811413,0.24539287008737523,0.5558370620410354,0.4412362852842894,0.5729426632513341,0.2918041537339454,0.34555805541393114,1.0,0.7479217281765365,0.41327512405440936,0.6538400093169016,0.6666631115590272,0.4726412911531095,0.15161064008487335,0.410619754000925,0.6180765689825023,0.7145432259277473,0.5676098325907029,0.6269458884457118,0.5766277715573676,0.6748984307225683,0.9383691625594193,0.00827395024114901,,0.009899045432732205,,0.28320540127798094,,0.009686971672706587,0.21876434126737293,0.5110359200539741
SC,0.4090504787582073,0.34641206359404053,0.47147370494993146,0.40512789714994146,0.5234352003839362,0.3891207250605998,0.5896662022590166,0.4031735059037921,0.8468661976640963,0.26996615454385253,0.5868120506380878,0.5921223003541911,0.8143829139705697,0.8668262758392551,0.8365061974350475,0.5385423578644366,0.490311412409711,0.6920071160355536,0.37802554601032157,0.5614783917998529,0.3072304568042709,0.5008891417698541,0.6672904664330194,0.29633389886459843,0.7248024743739332,0.4672658021905488,0.2660652310206226,0.1462245750683212,0.9509563997132197,0.47371566661252684,0.4946225509875638,0.42552334159786614,0.8040041222666494,0.9132425044472624,0.6943188587685545,0.085010517899755,0.3716688915763485,0.8466767742603927,0.3211567150385117,0.657403888021465,0.566363355831282,0.6156757239471183,0.6065991018061065,0.8386802305460743,0.07388219101022075,,0.08989971154142229,,0.15022304384519553,,0.1098364646774046,0.15796172466114308,0.4733101951366424
SD,0.4657417411529502,0.2905047547173444,0.2595944394893642,0.5557087377366536,0.6238680057328483,0.4067461010456215,1.0,0.7924213679077929,0.9808756367233196,0.35670259847654107,,0.8918732497712437,0.6484600142734516,0.8419468280680527,0.7809849248110433,0.4774189692921691,0.5508053106631794,0.2520218868473192,0.7100371935499585,0.7849398527602356,0.4274626463767876,0.8439171719596205,0.9671926716306649,0.4290849966263573,0.9382249030248789,0.4674928363564652,0.3518236736460288,0.19975933592043243,0.8087485414429783,0.6662495799404609,,0.4349296026351655,0.9807443258857685,0.8291099179559022,1.0,0.09104510029543555,0.9826502196105753,0.7282877900493412,0.40446980116358944,0.9243899229410423,1.0,0.877509329699017,0.9557763240519082,0.8881722405873179,0.006518546521684239,,0.00807080749340158,,0.20401478921351926,,0.008670594272484615,0.17543529797287508,0.54576066757322
TN,0.1609860126591648,0.1566291633610697,0.6248295270966338,0.267052434876329,0.651140350688677,0.22586838718892688,0.4135256784911586,0.14550832402816216,0.8833221848900068,0.2325180525883867,0.3380294118635577,0.42715915798931925,0.7844741907935532,0.9132246420306052,0.8756518600130596,0.4163991261425706,0.4840738604822271,0.3614715585339018,0.37397781229044513,0.6923219807360177,0.23357600162834583,0.502076004719619,0.5625995627313801,0.28514330076910743,0.9046309699528337,0.5399970447325269,0.27582882361678773,0.3337992449683467,0.4316033709635989,0.5708941435188825,0.4120841715201269,0.21737015582417968,0.8571794285664982,0.7805057715235841,0.739292564899726,0.0974722036122726,0.3726738829824269,0.5234540665833435,0.3745222001017236,0.23895240292010456,0.16927437670930545,0.26486619048080895,0.15244053062224772,0.8126721494302804,0.12346663600089,,0.13926911817473372,,0.15191094321424264,,0.16793987660263424,0.25684234711749127,0.40256554669612177
TX,0.5868373590913993,0.29891147829587594,0.5451721889250525,0.2988693510897922,0.6715813143837377,0.24314580887275883,0.9255016667094526,0.044480561745560365,0.840183475984164,0.575924038135548,0.36195143214781855,0.5243547399797043,0.9069849370829464,0.9623406716458729,0.7950115230279816,0.37212526410965807,0.0,0.8399773640466823,0.4120826787465819,0.6772839324119098,0.2839166336350848,0.11008034476797424,0.36584494273579216,0.14947097575162815,0.8431539543140331,0.8108804391873374,0.4303359325550433,0.1324272882000819,0.6667271135617409,0.43480843604133634,0.32390994330434875,0.24990990352133957,0.5738511034410949,0.6459066199699778,0.5242657605378334,0.1718288806525088,0.28909001136594026,0.5380224581027129,0.19814404207715106,0.5751046615219622,0.5677292390326422,0.5295095843874649,0.5969567981059547,0.8882850640288874,0.6682539528688578,,0.6746741915070863,,0.20321102760921111,,0.7962304531332668,0.15140943217555763,0.46726387428758287
UT,1.0,0.5667056447593823,1.0,0.8542805167506208,0.8530266401773536,0.7793809837805108,0.8874963884105891,0.6748319857021883,0.9666587994366271,0.652971096278446,0.6378613346366031,0.7490722217711723,0.9642350351664702,0.5874871607639878,0.717119408967352,0.9098275522565931,0.6045494308196478,0.7452202321503101,0.938490594344294,1.0,0.5380034200227148,0.870566302347223,0.7679049170541492,0.0,0.8175244907474143,1.0,0.7737823359016962,0.1286832649824415,0.07769467466090585,0.6761344249892953,0.9204963534005024,0.678192207171734,0.8489871146879238,0.8892081104705684,0.8649646797713859,0.24734450439307698,0.6947946828268794,0.9732129973400192,0.39519865833694373,0.5715708285746417,0.590249387805389,0.6397738051879747,0.6872486141117488,0.9351791203090891,0.06051059557722408,,0.05864783287402789,,0.1754209701402564,,0.07910499118874387,0.29690350321741965,0.6219873657786913
VA,0.6147253290687034,0.3532813184425603,0.4819042629216106,0.6630414064745086,0.7167533350670169,0.7003309923516999,0.7501269180251647,0.3383514417907849,0.8827755166133031,0.613885240726866,,0.5858981811867244,0.7187175198645892,0.8108395822704955,0.6466291535249484,0.5489669028835278,0.7084355205164493,0.7160595197943458,0.7266936234443782,0.7622724023586922,0.5379354880283882,0.6757468285214835,0.693500619726378,0.2829161709935907,0.8377895833654909,0.4286455367012951,0.7721633303485689,0.24690632957460476,0.9344940935984644,0.6985694532545217,,0.6925578950805141,0.8173880564742128,0.7850512421982829,0.6882850349451404,0.2457652156127299,0.27612238002290723,0.8249028859916834,0.44146125833783084,0.6548464990387759,0.5480627087172238,0.6066173249268033,0.5820403997215223,0.9145117235424347,0.1765187455720093,,0.1936624087146567,,0.28688261061769077,,0.2119765059689796,0.15556233351128557,0.5318643017458268
VT,0.5671945904992377,0.8770608707110623,0.18986517866630015,0.8305197998524803,0.9897792549928609,0.9525228315092149,0.616612217418044,1.0,0.9888454003462603,0.2817779642461893,0.4548703141115279,1.0,0.23288733236891657,0.31283076541051036,0.6781297958974757,0.6844174257842314,0.8736706021651671,0.6445759208020656,0.8869084264077212,0.7467526071594319,0.5146486999661568,0.995892459774347,0.9597211023006789,0.34410527493878773,0.0,0.0,0.4935757754184939,1.0,0.6025110873136945,0.8424134775759398,0.856773187630884,0.796099133603199,0.7248181560370379,0.9544772669995507,0.5865815035173516,0.22843367079992094,0.48810413467116065,1.0,,0.7304367587482428,0.5045968288703223,0.7416051287564538,0.5863126829518631,0.9350932955043608,0.0,,0.0,,0.37539685729212713,,0.0,0.20450587497024264,0.5634044323005251
WA,0.7922059587884895,0.6008600233848189,0.5430521479835528,0.8798602759924883,0.8171342706446663,0.758953414875396,0.7415360851010887,0.7206911689539064,0.9258034578188244,0.656880075453709,0.19800557129722351,0.8428461569567295,0.6038949404913927,0.37007507360433867,0.5080491915477638,0.7866669875295692,0.7252811013110516,0.7967569959586127,0.777621523797555,0.7523223149280411,0.5369304803354019,0.762923879510253,0.3202145093169879,0.1851078481737662,0.44474128652037737,0.602509001417183,0.8187530455360863,0.14733469658387527,0.44197460344862427,0.5169433817363005,0.3531700223827161,0.8725387990273609,0.6394683881409631,0.6857954232311165,0.5614543037297629,0.3285716555674555,0.362485888597589,0.8307823359527335,0.6178027255305844,0.5960039963428121,0.5406405951192423,0.648405379082726,0.5919891392423309,0.938268716341813,0.20358579834942334,,0.19713486683097814,,0.3795764176345296,,0.17738872557014596,0.9491321810214327,0.5600487203172652
WI,0.43264733548397305,0.19103203223911747,0.12282710352131421,0.6189533433618486,0.750763420755903,0.7608927677460287,0.7377994956449583,0.6948178551592029,0.9635548099357408,0.6073071245818227,0.6027412023703931,0.7707651794341583,0.6473724065725905,0.8063448379973461,0.669581527943063,0.5425503190742762,0.7839996930362619,0.5444419388931939,0.7396358553105826,0.9067841894742071,0.47562858293277727,0.8805078125660734,0.6466877736295211,0.2880676467460961,0.6016517339690415,0.46670456099830815,0.4040260905421143,0.2806531856552295,0.07518278297821668,0.7822726327204812,0.624542610577917,0.8163787091389518,0.9132373392902357,0.8064120559866413,0.8479811444111643,0.12870415442468797,0.6328994192220102,0.5391214326713683,0.5234550247445428,0.6321369162809996,0.5538907998483092,0.6398683450770019,0.6032289464594953,0.914534354067066,0.0972268192519395,,0.11061858944572425,,0.2161716834786802,,0.1361695898290656,0.17390402773269356,0.5325507521764141
WV,0.0,0.0,0.7277301121811072,0.14606365006063493,0.9276388804410701,0.24056396947555336,0.0,0.0,0.9594509805666075,0.015330027764986317,0.6779540841264576,0.25457992766225757,0.7017992380555147,0.9175600921295393,0.846317298648231,0.0,0.7145544564343174,0.2194679542972512,0.33344560398977985,0.5997934670978713,0.0,0.40227787099669965,0.3794800517588234,0.3331836741047528,0.4987702060367507,0.7095676294842048,0.030382879033984574,0.11096745005975844,0.7058412700040995,0.36550982671162924,0.6148083806206226,0.039059369235026856,1.0,1.0,0.9463168072740282,0.06442630382949477,0.4048704336612512,0.9301908479263338,0.49334546951823294,0.0,0.0,0.0,0.0,0.7797960557495136,0.014162109581209429,,0.016841587693104315,,0.127376120242736,,0.01866331454394291,0.061969144218405034,0.35124451213109065
WY,0.3700546538659978,0.40014804144350324,0.36015358921904406,0.5491112979278202,0.8718895121591994,0.45762433306839634,0.8679898165694717,0.7705955735555603,0.9943083936377701,0.4386777206779305,1.0,0.788858576985127,0.7816917550128497,0.597251243809328,0.6973368728239168,0.5549513418641217,0.2945674335153332,0.6724024434688516,0.7808330161137297,0.782964434653144,0.40477065735640544,0.9485317746994245,0.688615512433945,0.3658365826374227,0.8804912664283949,0.9337264159234732,0.3864714778551425,0.31225803080455267,0.6750044622032649,0.594675316071847,1.0,0.37251491883408794,0.9357820407433479,0.9280836064755851,0.8636466182771487,0.12472742426598682,0.9853644395560434,0.9348569851429808,0.7746213896798902,0.7767410308617032,0.7165892685437902,0.6703120574752133,0.685437219208095,0.8805726347508634,0.001034022103514301,,0.001541301496782535,,0.3133866495197524,,9.491493060389923e-05,0.3674006682155714,0.5859941841093809
